{
  "formatVersion": 1,
  "database": {
    "version": 1,
    "identityHash": "15f503cff8d9bb20e4614d2d9bbfcd9e",
    "entities": [
      {
        "tableName": "stories",
        "createSql": "CREATE TABLE IF NOT EXISTS `${TABLE_NAME}` (`id` INTEGER PRIMARY KEY AUTOINCREMENT, `note` TEXT NOT NULL, `title` TEXT NOT NULL, `dateUpdated` TEXT NOT NULL, `imageUri` TEXT)",
        "fields": [
          {
            "fieldPath": "id",
            "columnName": "id",
            "affinity": "INTEGER",
            "notNull": false
          },
          {
            "fieldPath": "note",
            "columnName": "note",
            "affinity": "TEXT",
            "notNull": true
          },
          {
            "fieldPath": "title",
            "columnName": "title",
            "affinity": "TEXT",
            "notNull": true
          },
          {
            "fieldPath": "dateUpdated",
            "columnName": "dateUpdated",
            "affinity": "TEXT",
            "notNull": true
          },
          {
            "fieldPath": "imageUri",
            "columnName": "imageUri",
            "affinity": "TEXT",
            "notNull": false
          }
        ],
        "primaryKey": {
          "autoGenerate": true,
          "columnNames": [
            "id"
          ]
        },
        "indices": [
          {
            "name": "index_stories_id",
            "unique": true,
            "columnNames": [
              "id"
            ],
            "orders": [],
            "createSql": "CREATE UNIQUE INDEX IF NOT EXISTS `index_stories_id` ON `${TABLE_NAME}` (`id`)"
          }
        ],
        "foreignKeys": []
      }
    ],
    "views": [],
    "setupQueries": [
      "CREATE TABLE IF NOT EXISTS room_master_table (id INTEGER PRIMARY KEY,identity_hash TEXT)",
      "INSERT OR REPLACE INTO room_master_table (id,identity_hash) VALUES(42, '15f503cff8d9bb20e4614d2d9bbfcd9e')"
    ]
  }
}